Год,Акции РФ,Bytcoin,Депозиты в рублях (до года),Золото
2014,-0.127200,-0.895346,-0.027300,0.525500
2015,0.159900,0.401590,0.021400,0.006200
2016,0.247400,0.987125,0.043700,-0.146800
2017,-0.035900,12.330384,0.057500,0.025900
2018,0.130900,-0.844464,0.028600,0.132200
2019,0.330900,0.821940,0.044000,0.017900
2020,0.083700,3.423875,0.009700,0.388400
2021,0.112500,0.835020,-0.036000,-0.109500
2022,-0.445100,-0.685267,-0.037500,-0.166200
2023,0.417900,3.034345,0.006600,0.337400